orderid,customerid,sales,profit,margin,high_value_order
1,C1,50000,12000,0.24,Yes
2,C2,8000,1500,0.1875,No
3,C3,200,50,0.25,No
4,C1,1500,300,0.2,No
5,C4,12000,2500,0.20833333333333334,No
6,C5,30000,7000,0.23333333333333334,Yes
7,C2,9000,1800,0.2,No
8,C6,52000,14000,0.2692307692307692,Yes
9,C7,300,80,0.26666666666666666,No
10,C3,1800,400,0.2222222222222222,No
